id,metadata,is_deleted,created_at,updated_at,deleted_at,created_by,job,title,task_type,status,is_completed,hints,additional_notes
ef489d47-c4bf-4028-9511-b24d436f4fac,,0,2023-08-23 21:06:52,2023-08-23 21:06:52,,56fdd832-768f-4fef-ac78-7ffb6a756473,9dd4a1a0-103d-412d-ae57-14b64306289a,Get View only access to Chase Bank,,not_started,0,,<p><br></p>
646357e6-80cf-4438-a0bc-ffd130a385d2,,0,2023-08-23 21:05:22,2023-08-23 21:05:22,,56fdd832-768f-4fef-ac78-7ffb6a756473,9dd4a1a0-103d-412d-ae57-14b64306289a,Design Trek Checking,,not_started,0,,<p><br></p>
b38ef24c-b4d2-43cf-b8a6-3fa75814e6fe,,0,2023-08-23 21:05:04,2023-08-23 21:05:04,,56fdd832-768f-4fef-ac78-7ffb6a756473,9dd4a1a0-103d-412d-ae57-14b64306289a,World Design Captial Checking,,not_started,0,,
620ca90e-9ae6-4740-abdb-586fb5d864fe,,0,2023-08-23 21:04:40,2023-08-23 21:04:40,,56fdd832-768f-4fef-ac78-7ffb6a756473,9dd4a1a0-103d-412d-ae57-14b64306289a,Paypal,,not_started,0,,
a6b4b4fe-8564-48c8-a813-24ce34639d47,,0,2023-08-23 21:04:26,2023-08-23 21:04:26,,56fdd832-768f-4fef-ac78-7ffb6a756473,9dd4a1a0-103d-412d-ae57-14b64306289a,DFA Main Savings,,not_started,0,,
59d6bad4-67a1-4974-97b3-6ee1fed6287b,,0,2023-08-23 21:04:12,2023-08-23 21:04:12,,56fdd832-768f-4fef-ac78-7ffb6a756473,9dd4a1a0-103d-412d-ae57-14b64306289a,DFA Main checking,,not_started,0,,
2eed6af1-e6d0-4306-92bb-43a3ae6fa1ab,,0,2023-08-17 21:25:06,2023-08-18 23:31:49,,56fdd832-768f-4fef-ac78-7ffb6a756473,c76616cf-217e-4bde-8107-73a9e1941fed,Get View only access with statements for Paypal,,in_progress,0,,"<p>Username : ASMBeachwood</p><p>
Password: Beachwood2023
</p><p>Accounts email
number: 8582471699&nbsp;<br></p>"
91eb8edf-65d1-4a19-a766-99c78235b7a4,,0,2023-08-17 21:24:17,2023-08-18 21:35:31,,56fdd832-768f-4fef-ac78-7ffb6a756473,c76616cf-217e-4bde-8107-73a9e1941fed,Get View only access to Wells Fargo Bank,,completed,1,,<p>User: albert_salazar</p><p>PW: Beachwood123!</p>
c97c1107-ad17-4aff-9f95-9ef234fd0bcf,,0,2023-08-17 21:22:39,2023-08-18 23:32:54,,56fdd832-768f-4fef-ac78-7ffb6a756473,c76616cf-217e-4bde-8107-73a9e1941fed,Onboard to Payment System,,in_progress,0,,
481a7dec-f048-4a80-93ba-2b2d42d26ac7,,0,2023-08-17 21:20:56,2023-08-18 23:32:44,,56fdd832-768f-4fef-ac78-7ffb6a756473,c76616cf-217e-4bde-8107-73a9e1941fed,Onboard to Support Email system,,in_progress,0,,<p><br></p>
c03f56d2-25cb-47ef-a013-b87017edccbc,,0,2023-08-11 19:22:36,2023-08-11 19:25:18,,ce0676ba-4e86-4680-a32e-c477adcb7ffa,7b339866-6965-4459-834c-bde4a2cd4162,Get Payroll Access - I think he uses ADP,,not_started,0,,<p>Get ADP Client # so we can make a request on our end.</p>
9ff58949-028d-4658-8b20-4b001d6f48f4,,0,2023-08-11 19:21:42,2023-08-11 19:21:42,,ce0676ba-4e86-4680-a32e-c477adcb7ffa,7b339866-6965-4459-834c-bde4a2cd4162,Is Payday account a business account?  If so get accountant access,,not_started,0,,
8aa2fa00-d247-479e-837c-8162a9c0ac93,,0,2023-08-11 19:20:09,2023-08-11 19:20:09,,ce0676ba-4e86-4680-a32e-c477adcb7ffa,7b339866-6965-4459-834c-bde4a2cd4162,Onboard to Support Email system,,not_started,0,,
635b0680-19e5-4e96-9b7f-e652a322f12b,,0,2023-08-11 19:20:00,2023-08-11 19:20:00,,ce0676ba-4e86-4680-a32e-c477adcb7ffa,7b339866-6965-4459-834c-bde4a2cd4162,Onboard to Payment System,,not_started,0,,
9affa730-30fd-4b73-a5f6-6c7b67f81130,,0,2023-08-11 19:19:48,2023-08-11 19:19:48,,ce0676ba-4e86-4680-a32e-c477adcb7ffa,7b339866-6965-4459-834c-bde4a2cd4162,Get accountant access to A. Moore,,not_started,0,,
09db0de6-ccad-4836-934c-e29c5bb10919,,0,2023-08-11 19:19:27,2023-08-11 19:19:27,,ce0676ba-4e86-4680-a32e-c477adcb7ffa,7b339866-6965-4459-834c-bde4a2cd4162,Get Accountant Access to R. Cuevas credit card,,not_started,0,,
8ea1e22b-9b3f-48b1-a9e5-4e2c7da9773d,,0,2023-08-11 19:18:13,2023-08-15 20:51:15,,56fdd832-768f-4fef-ac78-7ffb6a756473,7b339866-6965-4459-834c-bde4a2cd4162,Accountant Access to complete Business Checking,,completed,1,,"<p>Chase bank</p><p>User:&nbsp;Revolutionaryindustries19</p><p>PW: beachwood2023</p><p>Security Code: beach2023</p><p>Phone Number:&nbsp; 8582471699</p><p>Address:
5355 Via Bello
San Diego, CA 92111</p><p>Email: clientaccounts@beachwoodfinancial.com</p><p>Name: Albert Salazar</p>"
716bae67-29c6-4f73-b069-d0391f08d54a,,0,2023-07-12 20:53:15,2023-07-13 19:35:21,,56fdd832-768f-4fef-ac78-7ffb6a756473,9875337a-6f2f-4505-bfad-6405e1eacb23,Get Chevy Tahoe Latest loan statement,,not_started,0,,"<p>You can find this on email subject to Albert:&nbsp;<span style=""color: rgb(66, 66, 66); font-family: &quot;Segoe UI&quot;, &quot;Segoe UI Web (West European)&quot;, &quot;Segoe UI&quot;, -apple-system, BlinkMacSystemFont, Roboto, &quot;Helvetica Neue&quot;, sans-serif; font-size: 20px; font-style: normal; font-variant-ligatures: normal; font-variant-caps: normal; font-weight: 600; letter-spacing: normal; orphans: 2; text-align: start; text-indent: 0px; text-transform: none; widows: 2; word-spacing: 0px; -webkit-text-stroke-width: 0px; white-space: normal; background-color: rgb(255, 255, 255); text-decoration-thickness: initial; text-decoration-style: initial; text-decoration-color: initial; display: inline !important; float: none;"">Fw: Loan Statements Mark's Chevy Tahoe and SBA<span>&nbsp;</span></span></p>"
6c026ac8-4048-4b26-aebf-bf72ca3c052c,,0,2023-07-12 20:52:35,2023-07-13 19:35:21,,56fdd832-768f-4fef-ac78-7ffb6a756473,9875337a-6f2f-4505-bfad-6405e1eacb23,Get EIDL Loan Statements,,not_started,0,,"<p>You can find this on email subject to Albert:&nbsp;<span style=""color: rgb(66, 66, 66); font-family: &quot;Segoe UI&quot;, &quot;Segoe UI Web (West European)&quot;, &quot;Segoe UI&quot;, -apple-system, BlinkMacSystemFont, Roboto, &quot;Helvetica Neue&quot;, sans-serif; font-size: 20px; font-style: normal; font-variant-ligatures: normal; font-variant-caps: normal; font-weight: 600; letter-spacing: normal; orphans: 2; text-align: start; text-indent: 0px; text-transform: none; widows: 2; word-spacing: 0px; -webkit-text-stroke-width: 0px; white-space: normal; background-color: rgb(255, 255, 255); text-decoration-thickness: initial; text-decoration-style: initial; text-decoration-color: initial; display: inline !important; float: none;"">Fw: Loan Statements Mark's Chevy Tahoe and SBA<span>&nbsp;</span></span><br></p>"
1699b55f-9376-4505-8489-34ebb75c80f8,,0,2023-07-12 18:37:15,2023-07-13 19:35:21,,ce0676ba-4e86-4680-a32e-c477adcb7ffa,9875337a-6f2f-4505-bfad-6405e1eacb23,View only access to BOFA Mastercard,,not_started,0,,<p>BOFA: theidagency<br>Beachwood2023@<br>clientaccounts@beachwoodfinancial.com     <br></p>
5b8cfef9-7a29-46ce-aa2d-56205a948fc6,,0,2023-07-12 18:36:56,2023-07-13 19:35:21,,ce0676ba-4e86-4680-a32e-c477adcb7ffa,9875337a-6f2f-4505-bfad-6405e1eacb23,View only access to BOFA 3849,,not_started,0,,<p>BOFA: theidagency<br>Beachwood2023@<br>clientaccounts@beachwoodfinancial.com     <br></p>
23e02b27-7386-4063-8e21-4732f353fe5d,,0,2023-07-12 18:36:19,2023-07-13 19:35:21,,56fdd832-768f-4fef-ac78-7ffb6a756473,9875337a-6f2f-4505-bfad-6405e1eacb23,View only access to BOFA 3690,,not_started,0,,<p>BOFA: theidagency<br>Beachwood2023<br>clientaccounts@beachwoodfinancial.com     <br></p>
fa82d204-d145-4d22-88c8-4f3dd08783a9,,0,2023-07-12 18:25:27,2023-07-13 19:35:21,,56fdd832-768f-4fef-ac78-7ffb6a756473,9875337a-6f2f-4505-bfad-6405e1eacb23,Onboard to payportal,,not_started,0,,<p><br></p><p><br></p>
30830abf-f863-48bd-8847-ddf4accf7cbe,,0,2023-07-12 18:25:16,2023-07-13 19:35:21,,56fdd832-768f-4fef-ac78-7ffb6a756473,9875337a-6f2f-4505-bfad-6405e1eacb23,Onboard to the support email system,,not_started,0,,
af63ad42-6c8e-4201-b5af-9f1646684c2f,,0,2023-07-12 18:25:05,2023-07-13 19:35:21,,56fdd832-768f-4fef-ac78-7ffb6a756473,9875337a-6f2f-4505-bfad-6405e1eacb23,Get View only access with statements for Paypal,,not_started,0,,<p>paypal user: theidagency<br>password: Beachwood2023<br></p>
69edfe5c-b0d6-4563-bbfe-27a1e8896384,,0,2023-07-12 18:24:53,2023-07-13 19:35:21,,56fdd832-768f-4fef-ac78-7ffb6a756473,9875337a-6f2f-4505-bfad-6405e1eacb23,Get View only access to AMEX,,not_started,0,,<p>AMEX: albert@beachwoodfinancial.com</p>
902fe2c9-d26a-41f4-933c-28eff85b8138,,0,2023-07-12 18:24:16,2023-07-13 19:35:21,,56fdd832-768f-4fef-ac78-7ffb6a756473,9875337a-6f2f-4505-bfad-6405e1eacb23,Get reporting access to his payroll,,not_started,0,,<p>he uses&nbsp;coastal:</p><p>He will sign us up through: albert@beachwoodfinancial.com</p>
fe3cdb15-646a-4499-a067-1d30783059a0,,0,2023-06-29 20:10:35,2023-07-12 18:27:24,,56fdd832-768f-4fef-ac78-7ffb6a756473,a38ddbb6-70dd-40b0-9b96-d7238027d296,Get reporting access to his payroll,,not_started,0,,"<p>It looks like she uses paychex.&nbsp; I already have this set up for my business.&nbsp; We can request access from her if she can provide us her company ID.&nbsp; Otherwise if she can add us directly, our username is:</p><p><br></p><p>beachwood5747</p><p><br></p><p>If she uses another system then nevermind the paychex instructions</p>"
606b1c7c-98fa-418f-995f-53dda296c85e,,0,2023-06-29 20:07:36,2023-06-29 20:07:36,,ce0676ba-4e86-4680-a32e-c477adcb7ffa,a38ddbb6-70dd-40b0-9b96-d7238027d296,Get View only access to first republic Bank,,not_started,0,,"<p>Use client accounts as email, ask her to include her company name as part of the username to make it easier to identify</p>"
b7e97868-acbb-4046-8afc-ece3acbc39af,,0,2023-06-29 20:06:20,2023-06-29 20:06:20,,ce0676ba-4e86-4680-a32e-c477adcb7ffa,a38ddbb6-70dd-40b0-9b96-d7238027d296,Get View only access with statements for Paypal,,not_started,0,,<p>Have her create a username using client accounts as the email.&nbsp; Ask her to include some part of her business name in the username to make it easier to identify</p>
510e6806-5bc6-4be6-8e43-ab9d0f45f944,,0,2023-06-29 20:05:26,2023-06-29 20:05:26,,ce0676ba-4e86-4680-a32e-c477adcb7ffa,a38ddbb6-70dd-40b0-9b96-d7238027d296,Onboard to the support email system,,not_started,0,,
8babfd47-92d3-46c4-8ad1-b96e15837093,,0,2023-06-29 20:05:15,2023-06-29 20:05:15,,ce0676ba-4e86-4680-a32e-c477adcb7ffa,a38ddbb6-70dd-40b0-9b96-d7238027d296,Onboard to payportal,,not_started,0,,
13dd5dc4-c0aa-4e1c-95da-4490641d967e,,0,2023-06-23 22:45:27,2023-06-23 22:45:27,,ce0676ba-4e86-4680-a32e-c477adcb7ffa,232c76a5-0b92-4d92-af73-e4e54205a4a9,Establish and update MJ Farms - Starting 01/01/2023,,not_started,0,,
8b5db06b-929d-4cfd-8c26-80df272a2aa6,,0,2023-06-23 22:45:12,2023-06-23 22:45:12,,ce0676ba-4e86-4680-a32e-c477adcb7ffa,232c76a5-0b92-4d92-af73-e4e54205a4a9,Restore and update JFEN Investements LLC,,not_started,0,,
e22abab2-82ab-41f8-9268-a0ed78f80592,,0,2023-06-23 22:44:46,2023-06-23 22:44:46,,ce0676ba-4e86-4680-a32e-c477adcb7ffa,232c76a5-0b92-4d92-af73-e4e54205a4a9,Establish Jfen Investments Inc,,not_started,0,,<p><br></p>
d96b0da3-95ee-47eb-8bf8-028dd8c2967e,,0,2023-06-15 18:00:16,2023-06-15 18:00:16,,ce0676ba-4e86-4680-a32e-c477adcb7ffa,f6fd55d3-4246-4b04-99b8-da4c421bcf8c,Access to his sales reports,,not_started,0,,"<p>Whatever he's using to invoice/make receipts for his customers, have us get access to that reporting.</p>"
b8fe56ab-9c24-4240-8c46-09d64ee78469,,0,2023-06-15 17:56:09,2023-06-15 17:56:09,,ce0676ba-4e86-4680-a32e-c477adcb7ffa,f6fd55d3-4246-4b04-99b8-da4c421bcf8c,"Ask for all 2023 statements for EIDL & SBA Loans, if any",,not_started,0,,
f352e259-bc1d-47e9-a4c1-87d79a5ea680,,0,2023-06-15 17:55:22,2023-06-21 19:07:10,,ce0676ba-4e86-4680-a32e-c477adcb7ffa,f6fd55d3-4246-4b04-99b8-da4c421bcf8c,Year end 2022 SBA Loan Statements,,completed,1,,<p><br></p>
15d2eec9-a915-41f1-bf0d-61238271575d,,0,2023-06-15 17:55:02,2023-06-15 17:55:02,,ce0676ba-4e86-4680-a32e-c477adcb7ffa,f6fd55d3-4246-4b04-99b8-da4c421bcf8c,2022 Year end Statements for EIDL Loan,,not_started,0,,<p>this will show interest and principal amounts</p>
63309f89-10b6-44dd-9a0d-294e66b6eb12,,0,2023-06-15 17:52:51,2023-06-15 17:52:51,,ce0676ba-4e86-4680-a32e-c477adcb7ffa,f6fd55d3-4246-4b04-99b8-da4c421bcf8c,"Confirm he uses Quickbooks Payroll, if different, get payroll access",,not_started,0,,
ea79f312-4afd-4fef-9586-44549d8664bc,,0,2023-06-15 17:51:47,2023-06-15 17:51:47,,ce0676ba-4e86-4680-a32e-c477adcb7ffa,f6fd55d3-4246-4b04-99b8-da4c421bcf8c,View Only Access to his Chase Credit Card accounts,,not_started,0,,
a949d5c3-ed55-45cb-9e51-7c5b77dcfd2f,,0,2023-06-14 23:51:03,2023-06-14 23:51:03,,ce0676ba-4e86-4680-a32e-c477adcb7ffa,f6fd55d3-4246-4b04-99b8-da4c421bcf8c,View Only access to savings account 6300,,not_started,0,,
349b6b45-d051-4690-9ba4-1dd8955e9f39,,0,2023-06-14 23:50:46,2023-06-14 23:50:46,,ce0676ba-4e86-4680-a32e-c477adcb7ffa,f6fd55d3-4246-4b04-99b8-da4c421bcf8c,View Only access to bank account 5030,,not_started,0,,
0e9b3a25-9d55-42aa-8a32-4add6433987a,,0,2023-06-13 21:22:35,2023-06-13 21:22:35,,c6a5a589-001d-4593-8a6a-629d02c7e49b,50361309-833b-452e-ac94-ec4592fe44bc,test,,not_started,0,,<p>test</p>
b53b276a-679b-48d4-ab4a-4c7df956034a,,0,2023-06-10 01:03:22,2023-06-13 18:10:02,,ce0676ba-4e86-4680-a32e-c477adcb7ffa,50361309-833b-452e-ac94-ec4592fe44bc,TEst 2,,completed,1,,<p>etst</p>
8f01a13e-799c-4baa-8248-b3cd7734f64a,,0,2023-06-10 01:03:14,2023-06-10 01:10:40,,ce0676ba-4e86-4680-a32e-c477adcb7ffa,50361309-833b-452e-ac94-ec4592fe44bc,Test1,,not_started,0,,
34aa4f03-b5c6-4812-a20a-ce6c07289980,,0,2023-05-25 18:34:23,2023-05-25 18:34:23,,6eb1dc89-d268-47c8-b173-ee9a07925a6e,102f69e8-56cc-4752-bfe6-10775654a435,Recategorize uncategorized transactions,,in_progress,0,,<p>Ongoing recording of 2022 transactions. The list of uncategorized will be sent to the client once we are done with recording of 2022 transactions.</p>
0b8195af-946a-4560-ad11-5619f4353627,,0,2023-05-25 18:33:15,2023-05-25 18:33:15,,6eb1dc89-d268-47c8-b173-ee9a07925a6e,102f69e8-56cc-4752-bfe6-10775654a435,Record payroll,,completed,1,,
05b86ea3-45dc-4c3a-a675-1ea273ff4f63,,0,2023-05-25 18:32:14,2023-05-25 18:32:14,,6eb1dc89-d268-47c8-b173-ee9a07925a6e,102f69e8-56cc-4752-bfe6-10775654a435,Establish 2022 beginning balances,,in_progress,0,,<p>We received the tax return from the client but there's no balance sheet items there. Need to talk with the CPA.</p>
2695adac-2394-4cab-ab71-66df0846b777,,0,2023-05-25 18:31:27,2023-05-25 18:31:27,,6eb1dc89-d268-47c8-b173-ee9a07925a6e,102f69e8-56cc-4752-bfe6-10775654a435,Reconcile the accounts,,not_started,0,,<p><br></p>
1d90c9ca-de67-40b6-9073-71648f04d29a,,0,2023-05-25 18:30:25,2023-05-25 18:31:10,,6eb1dc89-d268-47c8-b173-ee9a07925a6e,102f69e8-56cc-4752-bfe6-10775654a435,Record 2022 Transactions,,in_progress,0,,"<p>Waiting for business transactions under credit cards, uncategorized transactions to be sent once we have the complete 2022 transactions.</p>"
6a44704e-9b14-47fc-8355-1451f46e85a7,,0,2023-05-01 15:55:02,2023-05-01 15:55:02,,6eb1dc89-d268-47c8-b173-ee9a07925a6e,df029d98-ae5b-4417-a4ac-b7440a21ca4b,Reconcile the accounts,,not_started,0,,<p><br></p>
b00b6127-c199-4944-b117-919a9ac0a515,,0,2023-05-01 15:54:12,2023-05-01 15:54:37,,6eb1dc89-d268-47c8-b173-ee9a07925a6e,df029d98-ae5b-4417-a4ac-b7440a21ca4b,Enter 2023 Budget to Quickbooks,,in_progress,0,,<p>Lindsay to confirm the compiled master budget</p>
97b5b869-0a7e-4282-867e-3b7f2b66cb41,,0,2023-05-01 15:53:53,2023-05-01 15:53:53,,6eb1dc89-d268-47c8-b173-ee9a07925a6e,df029d98-ae5b-4417-a4ac-b7440a21ca4b,Record 2023 transactions,,not_started,0,,
012eeee2-ce0d-4990-8e46-d2169f468e44,,0,2023-05-01 15:53:41,2023-05-01 15:53:41,,6eb1dc89-d268-47c8-b173-ee9a07925a6e,df029d98-ae5b-4417-a4ac-b7440a21ca4b,Establish 2022 ending balances,,not_started,0,,"<p>&nbsp;pending 2022 tax return, 2022 not yet done<br></p>"
04f5f26a-2a24-48da-86e0-24528b75fde7,,0,2023-05-01 15:53:06,2023-05-01 15:53:06,,6eb1dc89-d268-47c8-b173-ee9a07925a6e,df029d98-ae5b-4417-a4ac-b7440a21ca4b,Establish Chart of Account items,,in_progress,0,,<p>pending confirmation from Lindsay</p>
b2ca7096-4fdd-4432-8b83-cd10ee492bea,,0,2023-05-01 15:52:48,2023-05-01 15:52:48,,6eb1dc89-d268-47c8-b173-ee9a07925a6e,df029d98-ae5b-4417-a4ac-b7440a21ca4b,Establish Classes for Budget,,completed,1,,
c579dde8-27eb-4c09-a11d-ee1f0b146734,,0,2023-05-01 10:14:49,2023-05-01 10:14:49,,6eb1dc89-d268-47c8-b173-ee9a07925a6e,db5714e5-1748-4756-81ed-7ca50df647ef,Albert to teach Anna about the better bookkeeping process,,not_started,0,,
0fda1375-55cf-40a4-8151-eaefe569b3c0,,0,2023-05-01 10:13:27,2023-05-05 15:18:43,,6eb1dc89-d268-47c8-b173-ee9a07925a6e,db5714e5-1748-4756-81ed-7ca50df647ef,Tie out the Sales Amount,,completed,1,,
a1a964fe-96e1-43b9-acec-bc5407fd301b,,0,2023-05-01 10:13:20,2023-05-05 15:18:49,,6eb1dc89-d268-47c8-b173-ee9a07925a6e,db5714e5-1748-4756-81ed-7ca50df647ef,Reconcile the Accounts,,completed,1,,
cf0fa4b8-0dc2-4002-9985-8c300f7740f8,,0,2023-05-01 10:13:12,2023-05-01 10:13:12,,6eb1dc89-d268-47c8-b173-ee9a07925a6e,db5714e5-1748-4756-81ed-7ca50df647ef,Record April 2023 Transactions,,completed,1,,<p><br></p>
5244720a-bb05-461e-8fa9-34c3fa05bbdd,,0,2023-05-01 09:46:09,2023-05-01 09:46:09,,6eb1dc89-d268-47c8-b173-ee9a07925a6e,021f3e56-6b67-4cf7-82ae-ed07fb42abe7,Record Citi Expenses,,not_started,0,,<p>pending Citi access/bank feeds</p>
b078534f-9e08-4008-bc17-61cecf9eae9a,,0,2023-05-01 09:45:45,2023-05-01 09:45:45,,6eb1dc89-d268-47c8-b173-ee9a07925a6e,021f3e56-6b67-4cf7-82ae-ed07fb42abe7,Review 2022 transactions/payroll,,not_started,0,,<p>pending bofa and payroll access</p>
6efe5d3b-2e80-43e8-a8d4-4c9a6b50a69a,,0,2023-04-27 13:27:40,2023-07-19 05:42:36,,09aa9c10-183c-4737-8b61-87808f549161,00d77a13-bbeb-40fa-a0f3-c866eceef3d5,5. Update according to client's feedback,,completed,1,,
6388c82f-39ac-418c-9a84-a9f3a3fdd51d,,0,2023-04-27 13:27:29,2023-07-19 05:42:36,,09aa9c10-183c-4737-8b61-87808f549161,00d77a13-bbeb-40fa-a0f3-c866eceef3d5,4. Reconcile bank account,,completed,1,,
edd254d4-e471-4084-b4be-0b03a244fef3,,0,2023-04-27 13:27:12,2023-07-19 05:42:36,,09aa9c10-183c-4737-8b61-87808f549161,00d77a13-bbeb-40fa-a0f3-c866eceef3d5,3. Send requests to client,,completed,1,,"<p>Please upload MONTH 2023 statement for Checking 9648.</p><p>Square Sales Summary – Monthly – from INSERT DATES, 2023</p><p>Square Payment Method Summary – Monthly – from INSERT DATES, 2023</p><p>Were there any business expenses paid outside of the business account from MONTH 2023 as to date?</p><p>Attached below is a file listing <em>Amazon, Home Depot and U-Haul </em>Expenses. Please identify the nature of the expenses.</p>"
c22785ad-bc92-4e75-bb22-408c5db144b8,,0,2023-04-27 13:26:17,2023-07-19 05:42:36,,09aa9c10-183c-4737-8b61-87808f549161,00d77a13-bbeb-40fa-a0f3-c866eceef3d5,2. Review and reclassify,,completed,1,,
96fea8d8-bcbc-472d-929e-930496539ac8,,0,2023-04-27 13:26:08,2023-07-19 05:42:36,,09aa9c10-183c-4737-8b61-87808f549161,00d77a13-bbeb-40fa-a0f3-c866eceef3d5,1. Post all transactions for the month,,completed,1,,
d5e9adc7-98d8-45bc-be82-d55432ad8bf8,,0,2023-04-27 13:20:46,2023-07-19 05:42:36,,09aa9c10-183c-4737-8b61-87808f549161,f546fbd7-70a8-4758-a4ea-1ffdd577d555,Post bank transactions,,not_started,0,,
1750202b-789e-477c-967c-44838206c34b,,0,2023-04-27 12:41:19,2023-05-16 14:01:49,,09aa9c10-183c-4737-8b61-87808f549161,f9735780-52d4-46ed-8c9c-8b18d628c9a0,4. Reconcile bank account,,completed,1,,
e718da48-0739-479e-8943-5a5b63acb978,,0,2023-04-27 12:38:47,2023-05-16 14:01:49,,09aa9c10-183c-4737-8b61-87808f549161,f9735780-52d4-46ed-8c9c-8b18d628c9a0,5. Update according to client's feedback,,completed,1,,
955a7997-35a2-423e-ace8-76452616d63d,,0,2023-04-27 12:38:29,2023-05-16 14:01:49,,09aa9c10-183c-4737-8b61-87808f549161,f9735780-52d4-46ed-8c9c-8b18d628c9a0,2. Review and reclassify,,completed,1,,
da46f400-a6bd-479e-b507-ffd056212042,,0,2023-04-27 12:38:07,2023-05-16 14:01:49,,09aa9c10-183c-4737-8b61-87808f549161,f9735780-52d4-46ed-8c9c-8b18d628c9a0,3. Request bank statement and feedback on uncategorized transactions,,completed,1,,
d88a1d25-3c31-4441-b42c-0b6178b65548,,0,2023-04-27 12:36:50,2023-05-16 14:01:49,,09aa9c10-183c-4737-8b61-87808f549161,f9735780-52d4-46ed-8c9c-8b18d628c9a0,1. Post all transactions for the month,,completed,1,,
fa9a3b15-efa4-4187-aee7-d790b96610e5,,0,2023-04-27 12:21:10,2023-05-16 14:01:49,,09aa9c10-183c-4737-8b61-87808f549161,005d39ad-35fc-49cb-b1cc-2ed5a08a3cd8,Post bank transactions,,not_started,0,,"<ol><li style=""margin-left: 20px;"">US Bank Checking 6026<br></li><br></ol>"
eb4cf8ea-81bb-443a-91ce-c54774a92711,,0,2023-04-27 12:06:48,2023-05-16 14:51:09,,09aa9c10-183c-4737-8b61-87808f549161,005b997b-1cfb-4c1a-8951-60b9448d5260,Update according to client's feedback,,completed,1,,
fd41d9f0-37d6-48d2-a534-5976fd10ccf7,,0,2023-04-27 12:06:08,2023-05-16 14:51:09,,09aa9c10-183c-4737-8b61-87808f549161,005b997b-1cfb-4c1a-8951-60b9448d5260,Review and reclassify,,completed,1,,<p>Review monthly Balance Sheet and Income Statement. Reclassify transactions as needed.</p>
9bd40118-91bf-45cc-a829-7ada6214f459,,0,2023-04-27 12:04:23,2023-05-16 14:51:09,,09aa9c10-183c-4737-8b61-87808f549161,005b997b-1cfb-4c1a-8951-60b9448d5260,Send requests to client,,completed,1,,<p>Export list of uncategorized transactions.</p>
1f570269-e5e6-4cee-80be-0252b3cb951a,,0,2023-04-27 12:03:00,2023-05-16 14:51:09,,09aa9c10-183c-4737-8b61-87808f549161,005b997b-1cfb-4c1a-8951-60b9448d5260,Reconcile bank account,,completed,1,,<p>Wells Fargo Checking 3761 - available in QBO Reconcile</p>
891abfe1-3654-4cd5-8317-1ed51cbae9b4,,0,2023-04-27 11:55:56,2023-05-16 14:51:09,,09aa9c10-183c-4737-8b61-87808f549161,005b997b-1cfb-4c1a-8951-60b9448d5260,Post all transactions for the month,,completed,1,,
3e7beca9-da96-4938-aec3-690cb54c2d69,,0,2023-04-26 14:09:29,2023-04-26 14:34:51,,6eb1dc89-d268-47c8-b173-ee9a07925a6e,021f3e56-6b67-4cf7-82ae-ed07fb42abe7,Establish/confirm opening balances,,in_progress,0,,<p>The 2021 balances from excel is different than the 2021 balances from 2021 tax return</p>
98cf5b94-f835-4d54-8087-76b908fd3dd8,,0,2023-04-26 13:16:16,2023-05-01 09:42:37,,6eb1dc89-d268-47c8-b173-ee9a07925a6e,9bbd106c-1926-4354-bd43-3a44af8d4667,Reconcile bank transactions for 2023,,in_progress,0,,<p>pending statements</p>
027ced22-1566-425d-a6d6-c2f7e854f0f2,,0,2023-04-26 13:15:49,2023-04-26 13:15:49,,6eb1dc89-d268-47c8-b173-ee9a07925a6e,9bbd106c-1926-4354-bd43-3a44af8d4667,Onboard Laurent to take over bookkeeping,,not_started,0,,
8de03b60-73e7-49df-b5ac-c66f458c4189,,0,2023-04-26 13:15:35,2023-05-01 09:42:19,,6eb1dc89-d268-47c8-b173-ee9a07925a6e,9bbd106c-1926-4354-bd43-3a44af8d4667,Update 2023 transactions until end of April,,in_progress,0,,<p>I have already sent the transactions to the client asking for his assistance on the classes and subaccounts to be used</p>
a9059f91-39c9-48e5-a980-dc88c5dde610,,0,2023-04-26 13:15:15,2023-04-26 13:15:15,,6eb1dc89-d268-47c8-b173-ee9a07925a6e,9bbd106c-1926-4354-bd43-3a44af8d4667,Establish 2022 ending balances,,not_started,0,,<p>pending 2022 balances from the client. taxes not yet done</p>
7a695509-5cad-4af0-a695-5ed4e945b5a9,,0,2023-04-26 13:14:21,2023-04-26 13:14:21,,6eb1dc89-d268-47c8-b173-ee9a07925a6e,9bbd106c-1926-4354-bd43-3a44af8d4667,Establish Classes,,completed,1,,
4250fa93-81a9-432a-88c4-0bc04d8347cf,,0,2023-04-26 13:14:02,2023-04-26 13:14:12,,6eb1dc89-d268-47c8-b173-ee9a07925a6e,9bbd106c-1926-4354-bd43-3a44af8d4667,Establish COA,,completed,1,,<p><br></p>
5b8cbf78-2fde-439c-80ab-e5726cfaac58,,0,2023-04-25 00:09:09,2023-04-25 00:09:09,,ce0676ba-4e86-4680-a32e-c477adcb7ffa,f6ac0c63-802a-4b50-bf39-f0adf5e98059,David To send us vendor payments info,,not_started,0,,
91b6941b-27a1-4d68-a601-37b6e92e8eee,,0,2023-04-20 21:27:00,2023-05-16 14:51:09,,ce0676ba-4e86-4680-a32e-c477adcb7ffa,7b64df06-aee9-4eab-b865-72e8dc16296b,Test task two,,not_started,0,,<p>test</p>
2f7ce747-bf1f-4776-9cd1-8fd9411ac697,,0,2023-04-18 23:34:35,2023-05-16 14:51:09,,09aa9c10-183c-4737-8b61-87808f549161,7b64df06-aee9-4eab-b865-72e8dc16296b,Test Task,,not_started,0,,Test
c8bdba61-5cd5-428c-a51a-15cd09b19b52,,0,2023-04-13 18:15:25,2023-04-13 18:15:25,,ce0676ba-4e86-4680-a32e-c477adcb7ffa,bf6cdbdd-58f8-4329-8fdd-4e419744e227,Confirm the Start Date,,not_started,0,,
826f5b4e-e0d8-4ffc-9bc7-0eca5bf63741,,0,2023-04-12 23:47:09,2023-04-12 23:47:09,,ce0676ba-4e86-4680-a32e-c477adcb7ffa,bf6cdbdd-58f8-4329-8fdd-4e419744e227,Report access to Stripe Point of Sale,,not_started,0,,
bfebada6-acb9-4e33-840e-85e36e84ef63,,0,2023-04-12 23:46:36,2023-04-12 23:46:36,,ce0676ba-4e86-4680-a32e-c477adcb7ffa,bf6cdbdd-58f8-4329-8fdd-4e419744e227,Report Access to Payroll,,not_started,0,,
5a8c0015-7332-43c1-a760-5925165a5ee3,,0,2023-04-12 23:42:23,2023-04-12 23:42:23,,ce0676ba-4e86-4680-a32e-c477adcb7ffa,bf6cdbdd-58f8-4329-8fdd-4e419744e227,View only access to Platinum Card 1000,,not_started,0,,
dd78dc8b-13b3-4c80-a88f-5c762e09b7d7,,0,2023-04-12 23:41:55,2023-04-12 23:41:55,,ce0676ba-4e86-4680-a32e-c477adcb7ffa,bf6cdbdd-58f8-4329-8fdd-4e419744e227,View only Access to Checking 9901,,not_started,0,,
1f9b2270-7482-4fa4-8eab-4ab2cf944fdb,,0,2023-04-12 23:41:24,2023-04-12 23:41:24,,ce0676ba-4e86-4680-a32e-c477adcb7ffa,bf6cdbdd-58f8-4329-8fdd-4e419744e227,Onboard to Chargezoom,,not_started,0,,
f03c9efd-6a84-4acd-950a-da04a14dbf9c,,0,2023-04-12 23:41:05,2023-04-12 23:41:05,,ce0676ba-4e86-4680-a32e-c477adcb7ffa,bf6cdbdd-58f8-4329-8fdd-4e419744e227,Onboard to Support email,,not_started,0,,
59a2a71e-6add-4f26-8362-29cb66e3f642,,0,2023-04-11 01:21:50,2023-04-11 01:21:50,,ce0676ba-4e86-4680-a32e-c477adcb7ffa,0ca102f7-4dde-4d6c-a943-5c0bfd198380,Loan Payable De Lage Landon ST,no_type,not_started,0,,Get additional loan info on this
96ca3dd8-af65-45d9-8e5d-5432eb168bcb,,0,2023-04-11 01:20:23,2023-04-11 01:20:23,,ce0676ba-4e86-4680-a32e-c477adcb7ffa,0ca102f7-4dde-4d6c-a943-5c0bfd198380,Loan payable - EIDL - get info,no_type,not_started,0,,Get additional info on this loan
f660d0a5-1199-4b53-9442-0382ddf28a53,,0,2023-04-11 01:12:11,2023-04-11 01:13:30,,ce0676ba-4e86-4680-a32e-c477adcb7ffa,0ca102f7-4dde-4d6c-a943-5c0bfd198380,Get info from Previous email dated 3/29/2023,no_type,not_started,0,,
b85a303a-eb27-4f8b-92fd-532e15884746,,0,2023-04-11 01:09:18,2023-04-11 01:23:04,,ce0676ba-4e86-4680-a32e-c477adcb7ffa,0ca102f7-4dde-4d6c-a943-5c0bfd198380,Ticket 1120,no_type,not_started,0,,Get answers to this ticket.  Most urgent is item # 4
4385eee7-4502-409b-8fe6-3aecca8afc73,,0,2023-04-07 00:05:47,2023-04-07 00:05:47,,ce0676ba-4e86-4680-a32e-c477adcb7ffa,b236b67d-105b-41c2-bde2-e18dca139926,Ask About Petty Cash,no_type,not_started,0,,"One large cash customer paid $9,600 so ask if he took it"
a42d8835-6d85-44b5-ac21-2f89b54f50f9,,0,2023-04-07 00:00:41,2023-04-07 00:00:41,,ce0676ba-4e86-4680-a32e-c477adcb7ffa,b236b67d-105b-41c2-bde2-e18dca139926,Ask Sean if he has loan statements on hand,no_type,not_started,0,,If he has all the loan statements get them from him.
9ce79994-7a49-4308-9f4b-5926a2b31b4a,,0,2023-04-06 23:58:23,2023-04-06 23:58:23,,ce0676ba-4e86-4680-a32e-c477adcb7ffa,b236b67d-105b-41c2-bde2-e18dca139926,Ending inventory 2022,no_type,not_started,0,,Need to get ending inventory for 2022
365f6821-7166-4697-b96c-573fbb715e2e,,0,2023-04-06 23:57:41,2023-04-06 23:57:55,,ce0676ba-4e86-4680-a32e-c477adcb7ffa,b236b67d-105b-41c2-bde2-e18dca139926,Square up Loan Payables(possibly) for 2022,no_type,not_started,0,,We will need to first confirm ending 2021 balances then we need to make sure loan payables are squared up.
c9bf4e42-b63d-451a-80b7-3de789033c3f,,0,2023-04-06 23:56:06,2023-04-06 23:56:06,,ce0676ba-4e86-4680-a32e-c477adcb7ffa,b236b67d-105b-41c2-bde2-e18dca139926,Get Year Ending 2021 Payroll,no_type,not_started,0,,
2556826d-a6aa-4161-876f-264d1353da47,,0,2023-04-06 23:55:41,2023-04-06 23:55:41,,ce0676ba-4e86-4680-a32e-c477adcb7ffa,b236b67d-105b-41c2-bde2-e18dca139926,Get List of AJE's for 2021 From CPA,no_type,not_started,0,,Find out if we can get a list of AJE's From the CPA
0a8e188d-fdbc-4865-b5fe-aea699abba14,,0,2023-04-06 23:55:00,2023-04-06 23:55:00,,ce0676ba-4e86-4680-a32e-c477adcb7ffa,b236b67d-105b-41c2-bde2-e18dca139926,Tie Up 2021 Balances,no_type,not_started,0,,Were the AJE's permanent or temporary?
9d2617f4-6fbf-4183-bbb3-47aef59fc880,,0,2023-04-05 20:21:56,2023-04-05 20:23:47,,56fdd832-768f-4fef-ac78-7ffb6a756473,31ed5deb-101e-4eff-84ab-634b2f59cf1a,"Get 2023 Budget File, in excel, if applicable",no_type,completed,1,,"not completed yet, this was for test purposes"
0876d4b6-87e0-44d8-ac37-844abbb816d3,,0,2023-04-05 20:20:37,2023-04-06 20:28:15,,ce0676ba-4e86-4680-a32e-c477adcb7ffa,31ed5deb-101e-4eff-84ab-634b2f59cf1a,Get Report access to payroll,no_type,completed,1,,View only access with reporting
3810e689-b4b7-49e6-8bad-259c091d85e8,,0,2023-04-05 20:19:25,2023-04-06 20:28:19,,ce0676ba-4e86-4680-a32e-c477adcb7ffa,31ed5deb-101e-4eff-84ab-634b2f59cf1a,Get View access to PEX(banking) account,no_type,completed,1,,Get view only access with statements accesss
22cd7deb-361f-4425-a503-9f1eee632446,,0,2023-04-05 20:18:35,2023-04-06 20:28:22,,ce0676ba-4e86-4680-a32e-c477adcb7ffa,31ed5deb-101e-4eff-84ab-634b2f59cf1a,Get Bank Access to main checking,no_type,completed,1,,view only access with statements
e49f982b-0e35-475b-be41-e37917573ca4,,0,2023-04-05 20:17:40,2023-04-06 20:28:25,,ce0676ba-4e86-4680-a32e-c477adcb7ffa,31ed5deb-101e-4eff-84ab-634b2f59cf1a,Get View Only Access to Paypal account,no_type,completed,1,,"Get login access, make username distinguishable to minority vets,"
3480bbb6-f40b-447a-bade-7e746a8d4b4e,,0,2023-04-05 20:16:15,2023-04-06 20:29:10,,ce0676ba-4e86-4680-a32e-c477adcb7ffa,31ed5deb-101e-4eff-84ab-634b2f59cf1a,Onboard To Support Email,no_type,completed,1,,
b3704258-d8cc-4715-8d99-750caf8be3db,,0,2023-04-05 20:15:59,2023-04-06 20:28:39,,ce0676ba-4e86-4680-a32e-c477adcb7ffa,31ed5deb-101e-4eff-84ab-634b2f59cf1a,Onboard to Chargezoom,no_type,completed,1,,
50751a22-6207-40c6-89a8-6bee3ba15eb9,,0,2023-04-03 12:44:45,2023-04-03 12:44:45,,6eb1dc89-d268-47c8-b173-ee9a07925a6e,e371dbd0-d7fa-41af-83d3-c2785d777763,Record sales and sales taxes from POS report,monthly,completed,1,,
7f7a633b-6f77-4f63-afd7-33f9b01ef592,,0,2023-04-03 12:44:15,2023-04-03 12:44:15,,6eb1dc89-d268-47c8-b173-ee9a07925a6e,e371dbd0-d7fa-41af-83d3-c2785d777763,Reconcile bank and credit card accounts,monthly,completed,1,,
ca07b470-8be7-44c8-a154-704f2a4ab216,,0,2023-04-03 12:43:52,2023-04-03 12:43:52,,6eb1dc89-d268-47c8-b173-ee9a07925a6e,e371dbd0-d7fa-41af-83d3-c2785d777763,Record bank and credit card transactions,recurring,completed,1,,
7b239ed8-067b-4f9a-b7bd-6623126a85d4,,0,2023-04-02 04:26:26,2023-04-03 16:53:51,,6eb1dc89-d268-47c8-b173-ee9a07925a6e,f72b3b15-b418-4908-a6d7-5fa39a7e0a14,Recording Payroll,monthly,completed,1,,
7cc51252-f0eb-4e23-ae66-0a354fcae24f,,0,2023-04-02 04:07:52,2023-04-03 16:54:32,,6eb1dc89-d268-47c8-b173-ee9a07925a6e,f72b3b15-b418-4908-a6d7-5fa39a7e0a14,Record bank and credit card transactions,weekly,completed,1,,
